{"cameraMode":{"drawMode":0,"name":"Shaded","section":"Shading Mode"},"sceneLighting":false,"audioPlay":false,"sceneViewState":{"showFog":true,"showMaterialUpdate":false,"showSkybox":false,"showFlares":true,"showImageEffects":true,"showParticleSystems":true,"showVisualEffectGraphs":true,"m_FxEnabled":true},"in2DMode":false,"pivot":{"x":-0.06890451908111572,"y":4.453774929046631,"z":-0.0688931941986084},"rotation":{"x":-0.2215971201658249,"y":0.054669350385665897,"z":-0.012444105930626393,"w":-0.9735268950462341},"size":2.5010249614715578,"orthographic":false}