{"cameraMode":{"drawMode":0,"name":"Shaded","section":"Shading Mode"},"sceneLighting":true,"audioPlay":false,"sceneViewState":{"m_AlwaysRefresh":false,"showFog":true,"showSkybox":true,"showFlares":true,"showImageEffects":true,"showParticleSystems":true,"showVisualEffectGraphs":true,"m_FxEnabled":true},"in2DMode":false,"pivot":{"x":6.708915710449219,"y":1.922585368156433,"z":6.911566734313965},"rotation":{"x":0.5604184865951538,"y":-0.007183257024735212,"z":0.004882752895355225,"w":0.8281997442245483},"size":15.316887855529786,"orthographic":true}