{"cameraMode":{"drawMode":0,"name":"Shaded","section":"Shading Mode"},"sceneLighting":true,"audioPlay":false,"sceneViewState":{"showFog":true,"showMaterialUpdate":false,"showSkybox":true,"showFlares":true,"showImageEffects":true,"showParticleSystems":true,"showVisualEffectGraphs":true,"m_FxEnabled":true},"in2DMode":false,"pivot":{"x":12.194913864135743,"y":8.272445678710938,"z":-15.95412540435791},"rotation":{"x":-0.4065341353416443,"y":-0.024117575958371164,"z":0.010737037286162377,"w":-0.9132609367370606},"size":24.072418212890626,"orthographic":false}