{"cameraMode":{"drawMode":0,"name":"Shaded","section":"Shading Mode"},"sceneLighting":true,"audioPlay":false,"sceneViewState":{"showFog":true,"showMaterialUpdate":false,"showSkybox":true,"showFlares":true,"showImageEffects":true,"showParticleSystems":true,"showVisualEffectGraphs":true,"m_FxEnabled":true},"in2DMode":false,"pivot":{"x":0.027273893356323243,"y":-0.024617910385131837,"z":0.07047200202941895},"rotation":{"x":-0.42500635981559756,"y":0.42679402232170107,"z":-0.23806452751159669,"w":-0.7619374394416809},"size":4.6096978187561039,"orthographic":false}