{"cameraMode":{"drawMode":0,"name":"Shaded","section":"Shading Mode"},"sceneLighting":true,"audioPlay":false,"sceneViewState":{"showFog":true,"showMaterialUpdate":false,"showSkybox":true,"showFlares":true,"showImageEffects":true,"showParticleSystems":true,"showVisualEffectGraphs":true,"m_FxEnabled":true},"in2DMode":false,"pivot":{"x":-0.34255409240722659,"y":-40.17451858520508,"z":101.72057342529297},"rotation":{"x":-0.2215971201658249,"y":0.054669350385665897,"z":-0.012444105930626393,"w":-0.9735268950462341},"size":63.303871154785159,"orthographic":false}